,,,,NFL Fantasy Football Stats - 2021/2022 Season Actuals,,,,,,,,,,,,,,,,,,,,,,,,,,,,,,,,,,,,© FantasyCube.com,
#REF!,,,,,,,,,,,,,,,,,Scoring Settings (League Value):,#REF!,#REF!,#REF!,#REF!,#REF!,0,#REF!,#REF!,#REF!,#REF!,#REF!,#REF!,#REF!,#REF!,#REF!,#REF!,#REF!,#REF!,#REF!,#REF!,#REF!,#REF!,,
,,,,MY NOTES & RANKING,,"PROJECTIONS (Y! Std, Fantasy Pros Std & PPR)",,,,,,,,,,GAMES,,PASSING,,,,,,,,RUSHING,,,,RECEIVING,,,,,RETURN,,MISC,FUM,,FANTASY POINTS,
Player,Pos,Team,Bye,Notes,Rank,Y! Roto,?,Y! Old,Std,?,Std Old,PPR,?,PPR Old,% Own,GP,GS,Comp,Inc,Yds,TD,Int,Pic6,Sks,1st,Att,Yds,TD,1st,Tgt,Rec,Yds,TD,1st,Yds,TD,2PT,Total,Lost,Fan Pts,PPG
J. Allen,QB,Buf,7,,,32,0,32,32,0,32,34,0,34,1,17,,409,237,4407,36,15,0,26,234,122,763,6,54,0,0,0,0,0,0,0,3,8,3,0,0
J. Herbert,QB,LAC,8,,,49,0,49,40,0,40,44,0,44,1,17,,443,229,5014,38,15,3,31,256,63,302,3,28,0,0,0,0,0,0,0,6,1,1,0,0
P. Mahomes,QB,KC,8,,,52,0,52,50,0,50,46,0,46,1,17,,436,222,4839,37,13,1,28,260,66,381,2,25,0,0,0,0,0,0,0,2,9,4,0,0
T. Brady,QB,TB,11,,,76,0,76,83,0,83,84,0,84,0.99,17,,485,234,5316,43,12,2,22,269,28,81,2,14,0,0,0,0,0,0,0,0,4,3,0,0
J. Burrow,QB,Cin,10,Q,,70,0,70,75,0,75,76,0,76,0.99,16,,366,154,4611,34,14,2,51,202,40,118,2,14,0,0,0,0,0,0,0,1,5,2,0,0
M. Stafford,QB,LAR,7,Q,,93,0,93,102,0,102,101,0,101,0.94,17,,404,197,4886,41,17,4,30,233,32,43,0,8,0,0,0,0,0,0,0,2,5,2,0,0
D. Prescott,QB,Dal,9,,,92,0,92,89,0,89,89,0,89,0.96,16,,410,186,4449,37,10,1,30,227,48,146,1,7,0,0,0,0,0,0,0,3,14,6,0,0
A. Rodgers,QB,GB,14,,,105,0,105,103,0,103,100,0,100,0.95,16,,366,165,4115,37,4,0,30,213,33,101,3,10,1,1,-4,0,0,0,0,0,3,0,0,0
R. Tannehill,QB,Ten,6,,,166,0,166,150,0,150,165,0,165,0.22,17,,357,174,3734,21,14,0,47,192,55,270,7,33,0,0,0,0,0,0,0,1,10,4,0,0
D. Carr,QB,LV,6,,,106,0,106,107,0,107,112,0,112,0.89,17,,428,198,4804,23,14,2,40,217,40,108,0,9,0,0,0,0,0,0,0,0,13,5,0,0
J. Hurts,QB,Phi,7,,,65,0,65,63,0,63,67,0,67,0.99,15,,265,167,3144,16,9,1,26,143,139,784,10,56,1,0,0,0,0,0,0,3,9,2,0,0
K. Murray,QB,Ari,13,,,71,0,71,61,0,61,65,0,65,0.99,14,,333,148,3787,24,10,1,31,172,88,423,5,25,0,0,7,0,0,0,0,0,13,0,0,0
K. Cousins,QB,Min,7,,,104,0,104,105,0,105,111,0,111,0.85,16,,372,189,4221,33,7,0,28,192,29,115,1,8,0,0,0,0,0,0,0,0,12,2,0,0
M. Ryan,QB,Ind,14,,,139,0,139,138,0,138,157,0,157,0.48,17,,375,185,3968,20,12,2,40,195,40,82,1,9,0,0,0,0,0,0,0,1,11,4,0,0
L. Jackson,QB,Bal,10,,,47,0,47,55,0,55,51,0,51,1,12,,246,136,2882,16,13,1,38,135,133,767,2,48,0,0,0,0,0,0,0,2,6,3,0,0
C. Wentz,QB,Was,14,,,185,0,185,167,0,167,192,0,192,0.14,17,,322,194,3563,27,7,1,32,165,57,215,1,21,0,0,0,0,0,0,0,2,8,5,0,0
T. Heinicke,QB,Was,14,,,400,0,400,400,0,400,400,0,400,0.01,16,,321,173,3419,20,15,1,38,167,60,313,1,20,1,1,-2,0,0,0,0,1,7,2,0,0
T. Lawrence,QB,Jax,11,,,123,0,123,122,0,122,144,0,144,0.57,17,,359,243,3641,12,17,1,32,177,73,334,2,22,0,0,0,0,0,0,0,2,9,5,0,0
M. Jones,QB,NE,10,,,172,0,172,157,0,157,174,0,174,0.39,17,,352,169,3801,22,13,3,28,177,44,129,0,22,0,0,0,0,0,0,0,2,7,3,0,0
J. Garoppolo,QB,SF,9,,,332,0,332,257,0,257,277,0,277,0.03,15,,301,140,3810,20,12,0,29,172,38,51,3,15,0,0,0,0,0,0,0,1,8,3,0,0
R. Wilson,QB,Den,9,,,84,0,84,84,0,84,86,0,86,0.97,14,,259,141,3113,25,6,0,33,135,43,183,2,17,0,0,0,0,0,0,0,1,6,1,0,0
B. Mayfield,QB,Car,13,,,212,0,212,182,0,182,207,0,207,0.14,14,,253,165,3010,17,13,0,43,143,37,134,1,12,0,0,11,0,0,0,0,2,6,3,0,0
J. Goff,QB,Det,6,,,151,0,151,168,0,168,197,0,197,0.23,14,,332,162,3245,19,8,1,35,162,17,87,0,4,0,0,0,0,0,0,0,4,9,6,0,0
T. Bridgewater,QB,Mia,11,,,318,0,318,330,0,330,354,0,354,0.01,14,,285,141,3052,18,7,1,31,146,30,106,2,16,0,0,0,0,0,0,0,1,1,1,0,0
J. Taylor,RB,Ind,14,,,1,0,1,1,0,1,2,0,2,1,17,,0,0,0,0,0,0,0,0,332,1811,18,107,51,40,360,2,12,0,0,0,4,2,0,0
Z. Wilson,QB,NYJ,10,Q,,221,0,221,173,0,173,199,0,199,0.09,13,,213,170,2334,9,11,0,44,112,29,185,4,10,1,0,0,0,0,0,0,2,5,1,0,0
S. Darnold,QB,Car,13,O,,317,0,317,287,0,287,305,0,305,0.01,12,,243,163,2527,9,13,1,35,123,48,222,5,21,0,0,0,0,0,0,0,1,9,4,0,0
T. Tagovailoa,QB,Mia,11,,,122,0,122,118,0,118,126,0,126,0.69,13,,263,125,2653,16,10,1,20,137,42,128,3,13,0,0,0,0,0,0,0,1,9,1,0,0
D. Mills,QB,Hou,6,,,208,0,208,181,0,181,211,0,211,0.07,13,,263,131,2664,16,10,0,31,118,18,44,0,5,0,0,0,0,0,0,0,2,5,1,0,0
D. Jones,QB,NYG,9,,,131,0,131,156,0,156,172,0,172,0.27,11,,232,129,2428,10,7,0,22,116,62,298,2,16,1,1,16,0,1,0,0,3,7,3,0,0
C. Kupp,WR,LAR,7,,,4,0,4,10,0,10,6,0,6,1,17,,0,1,0,0,0,0,0,0,4,18,0,1,191,145,1947,16,89,28,0,1,0,0,0,0
A. Ekeler,RB,LAC,8,,,5,0,5,5,0,5,3,0,3,1,16,,0,0,0,0,0,0,0,0,206,911,12,53,94,70,647,8,31,0,0,2,4,3,0,0
J. Fields,QB,Chi,14,,,120,0,120,120,0,120,136,0,136,0.65,12,,159,111,1870,7,10,1,36,83,72,420,2,22,0,0,0,0,0,0,0,0,12,5,0,0
J. Mixon,RB,Cin,10,,,12,0,12,6,0,6,11,0,11,1,16,,0,0,0,0,0,0,0,0,292,1205,13,60,48,42,314,3,11,0,0,0,2,1,0,0
N. Harris,RB,Pit,9,,,10,0,10,7,0,7,7,0,7,1,17,,0,0,0,0,0,0,0,0,307,1200,7,62,94,74,467,3,22,0,0,0,0,0,0,0
D. Samuel,WR,SF,9,,,26,0,26,19,0,19,25,0,25,1,16,,1,1,24,1,0,0,0,1,59,365,8,21,121,77,1405,6,51,75,0,0,4,2,0,0
J. Conner,RB,Ari,13,,,33,0,33,26,0,26,30,0,30,0.99,15,,0,0,0,0,0,0,0,0,202,752,15,53,39,37,375,3,18,0,0,0,2,0,0,0
D. Adams,WR,LV,6,,,13,0,13,18,0,18,14,0,14,1,16,,0,0,0,0,0,0,0,0,0,0,0,0,169,123,1553,11,84,0,0,0,0,0,0,0
J. Jefferson,WR,Min,7,,,3,0,3,8,0,8,5,0,5,1,17,,2,2,35,0,0,0,0,2,6,14,0,1,167,108,1616,10,75,0,0,0,1,1,0,0
E. Elliott,RB,Dal,9,,,28,0,28,30,0,30,33,0,33,0.99,17,,1,0,4,0,0,0,0,0,237,1002,10,55,65,47,287,2,16,0,0,3,1,1,0,0
N. Chubb,RB,Cle,9,,,20,0,20,9,0,9,27,0,27,1,14,,0,0,0,0,0,0,0,0,228,1259,8,61,25,20,174,1,9,0,0,0,2,1,0,0
A. Gibson,RB,Was,14,,,56,0,56,76,0,76,73,0,73,0.95,16,,0,0,0,0,0,0,0,0,258,1037,7,65,52,42,294,3,12,0,0,1,6,4,0,0
J. Chase,WR,Cin,10,,,8,0,8,11,0,11,12,0,12,1,17,,0,0,0,0,0,0,0,0,7,21,0,2,128,81,1455,13,56,0,0,0,2,1,0,0
L. Fournette,RB,TB,11,,,19,0,19,23,0,23,20,0,20,1,14,,0,1,0,0,0,0,0,0,180,812,8,45,84,69,454,2,30,0,0,0,1,0,0,0
A. Kamara,RB,NO,14,,,21,0,21,13,0,13,15,0,15,1,13,,0,0,0,0,0,0,0,0,240,898,4,42,67,47,439,5,20,29,0,0,0,0,0,0
M. Andrews,TE,Bal,10,,,25,0,25,12,0,12,19,0,19,1,17,,0,0,0,0,0,0,0,0,1,0,0,0,153,107,1361,9,75,0,0,2,1,0,0,0
C. Patterson,RB,Atl,14,,,91,0,91,98,0,98,83,0,83,0.89,16,,0,1,0,0,0,0,0,0,153,618,6,29,69,52,548,5,26,434,0,0,1,0,0,0
D. Harris,RB,NE,10,Q,,50,0,50,64,0,64,77,0,77,0.94,15,,0,0,0,0,0,0,0,0,202,929,15,55,21,18,132,0,4,0,0,0,2,2,0,0
T. Hill,WR,Mia,11,,,22,0,22,25,0,25,21,0,21,1,17,,0,0,0,0,0,0,0,0,9,96,0,4,159,111,1239,9,75,0,0,0,2,1,0,0
D. Cook,RB,Min,7,,,6,0,6,4,0,4,4,0,4,1,13,,0,0,0,0,0,0,0,0,249,1159,6,57,49,34,224,0,9,0,0,1,3,2,0,0
A. Dalton,QB,NO,14,,,400,0,400,400,0,400,400,0,400,0,8,,149,87,1515,8,9,1,18,83,16,76,0,2,0,0,0,0,0,0,0,2,1,1,0,0
S. Diggs,WR,Buf,7,,,9,0,9,17,0,17,13,0,13,1,17,,0,0,0,0,0,0,1,0,0,0,0,0,164,103,1225,10,66,0,0,0,1,0,0,0
D. Henry,RB,Ten,6,,,7,0,7,3,0,3,8,0,8,1,8,,1,0,5,1,0,0,0,1,219,937,10,49,20,18,154,0,7,0,0,1,1,0,0,0
A. Jones,RB,GB,14,,,14,0,14,21,0,21,17,0,17,1,15,,0,0,0,0,0,0,0,0,171,799,4,37,65,52,391,6,22,19,0,0,2,1,0,0
J. Jacobs,RB,LV,6,,,54,0,54,57,0,57,55,0,55,0.96,15,,0,0,0,0,0,0,0,0,217,872,9,45,64,54,348,0,14,0,0,0,2,2,0,0
D. Montgomery,RB,Chi,14,Q,,42,0,42,41,0,41,39,0,39,0.97,13,,0,1,0,0,1,0,0,0,225,849,7,55,51,42,301,0,18,0,0,0,1,1,0,0
M. Evans,WR,TB,11,,,16,0,16,24,0,24,22,0,22,1,16,,0,0,0,0,0,0,0,0,1,10,0,1,114,74,1035,14,56,0,0,0,0,0,0,0
J. Williams,RB,Den,9,,,23,0,23,22,0,22,24,0,24,0.99,17,,0,0,0,0,0,0,0,0,203,903,4,52,53,43,316,3,12,0,0,0,2,1,0,0
J. Winston,QB,NO,14,,,156,0,156,134,0,134,156,0,156,0.42,7,,95,66,1170,14,3,0,11,56,32,166,1,17,0,0,0,0,0,0,0,0,2,1,0,0
M. Gordon III,RB,Den,9,,,81,0,81,97,0,97,93,0,93,0.88,16,,0,0,0,0,0,0,0,0,203,918,8,48,38,28,213,2,9,0,0,0,3,3,0,0
T. Hill NO,QB,-,14,,,334,0,334,400,0,400,400,0,400,0.09,12,,78,56,978,4,5,1,9,43,70,374,5,26,6,4,52,0,4,0,0,0,2,0,0,0
T. Huntley,QB,Bal,10,,,400,0,400,369,0,369,400,0,400,0.01,7,,122,66,1081,3,4,0,18,55,47,294,2,22,0,0,0,0,0,0,0,0,4,3,0,0
T. Kelce,TE,KC,8,,,17,0,17,16,0,16,10,0,10,1,16,,0,0,0,0,0,0,0,0,2,3,1,1,134,92,1125,9,63,0,0,0,1,1,0,0
A. Dillon,RB,GB,14,,,46,0,46,53,0,53,50,0,50,0.96,17,,0,0,0,0,0,0,0,0,187,803,5,50,37,34,313,2,15,0,0,0,2,1,0,0
J. Brissett,QB,Cle,9,,,300,0,300,253,0,253,276,0,276,0.03,11,,141,84,1283,5,4,0,19,69,19,70,1,9,0,0,0,0,0,0,0,1,6,3,0,0
D. Johnson,WR,Pit,9,,,45,0,45,49,0,49,35,0,35,0.97,16,,0,0,0,0,0,0,0,0,5,53,0,2,169,107,1161,8,59,0,0,1,2,2,0,0
D. Singletary,RB,Buf,7,,,64,0,64,90,0,90,85,0,85,0.92,17,,0,0,0,0,0,0,0,0,188,870,7,44,50,40,228,1,11,0,0,0,5,0,0,0
D. Williams,RB,Ari,13,,,182,0,182,186,0,186,171,0,171,0.1,17,,0,0,0,0,0,0,0,0,144,558,6,40,57,47,452,2,19,0,0,0,0,0,0,0
M. Williams,WR,LAC,8,,,37,0,37,35,0,35,40,0,40,0.98,16,,0,0,0,0,0,0,0,0,0,0,0,0,129,76,1146,9,51,0,0,1,0,0,0,0
H. Renfrow,WR,LV,6,,,83,0,83,100,0,100,87,0,87,0.91,17,,0,0,0,0,0,0,0,0,3,3,0,0,128,103,1038,9,51,303,0,0,1,1,0,0
C. Lamb,WR,Dal,9,Q,,11,0,11,20,0,20,18,0,18,1,16,,0,0,0,0,0,0,0,0,9,76,0,4,120,79,1102,6,54,139,0,0,0,0,0,0
E. Mitchell,RB,SF,9,Q,,35,0,35,42,0,42,53,0,53,0.97,11,,0,0,0,0,0,0,0,0,207,963,5,47,20,19,137,1,6,0,0,0,0,0,0,0
K. Allen,WR,LAC,8,,,30,0,30,33,0,33,23,0,23,1,16,,0,1,0,0,0,0,0,0,0,0,0,0,157,106,1138,6,66,0,0,1,1,0,0,0
D. Metcalf,WR,Sea,11,,,58,0,58,45,0,45,52,0,52,0.96,17,,0,0,0,0,0,0,0,0,1,6,0,0,129,75,967,12,48,0,0,0,1,0,0,0
D. Moore,WR,Car,13,,,29,0,29,34,0,34,31,0,31,0.99,17,,0,0,0,0,0,0,0,0,8,48,0,4,163,93,1157,4,60,22,0,1,1,1,0,0
J. Waddle,WR,Mia,11,Q,,44,0,44,44,0,44,37,0,37,0.98,16,,0,0,0,0,0,0,0,0,2,3,1,1,141,104,1015,6,59,193,0,0,1,1,0,0
T. Lockett,WR,Sea,11,,,100,0,100,87,0,87,98,0,98,0.86,16,,0,0,0,0,0,0,0,0,2,9,0,0,107,73,1175,8,41,3,0,1,0,0,0,0
T. Pollard,RB,Dal,9,,,78,0,78,86,0,86,72,0,72,0.9,15,,0,0,0,0,0,0,0,0,130,719,2,35,46,39,337,0,15,489,1,0,2,0,0,0
J. Robinson,RB,Jax,11,Q,,111,0,111,117,0,117,117,0,117,0.65,14,,0,0,0,0,0,0,0,0,164,767,8,41,46,31,222,0,9,0,0,0,4,2,0,0
M. Pittman Jr.,WR,Ind,14,,,24,0,24,31,0,31,26,0,26,1,17,,0,0,0,0,0,0,0,0,5,44,0,1,129,88,1082,6,54,0,0,1,1,0,0,0
D. Swift,RB,Det,6,,,15,0,15,15,0,15,9,0,9,1,13,,0,1,0,0,0,0,0,0,151,617,5,28,78,62,452,2,18,0,0,0,2,1,0,0
S. Michel,RB,Mia,11,,,165,0,165,174,0,174,180,0,180,0.12,17,,0,0,0,0,0,0,0,0,208,845,4,49,33,21,128,1,6,90,0,0,1,1,0,0
C. Godwin,WR,TB,11,Q,,101,0,101,67,0,67,63,0,63,0.88,14,,0,0,0,0,0,0,0,0,4,21,1,4,127,98,1103,5,55,0,0,0,2,2,0,0
T. Higgins,WR,Cin,10,Q,,27,0,27,29,0,29,29,0,29,0.99,14,,0,0,0,0,0,0,0,0,0,0,0,0,110,74,1091,6,53,0,0,1,1,1,0,0
T. Siemian,QB,Chi,14,,,351,0,351,400,0,400,400,0,400,0,6,,108,80,1154,11,3,1,9,61,9,20,1,2,0,0,0,0,0,0,0,0,3,1,0,0
D. Henderson Jr.,RB,LAR,7,Q,,97,0,97,114,0,114,113,0,113,0.69,12,,0,0,0,0,0,0,0,0,149,688,5,39,40,29,176,3,8,0,0,0,0,0,0,0
D. Mooney,WR,Chi,14,,,77,0,77,58,0,58,56,0,56,0.9,17,,0,0,0,0,0,0,0,0,6,32,1,2,140,81,1055,4,49,10,0,0,0,0,0,0
T. Taylor,QB,NYG,9,,,400,0,400,357,0,357,400,0,400,0,6,,91,59,966,5,5,0,13,44,19,151,3,7,0,0,0,0,0,0,0,0,3,0,0,0
A. St. Brown,WR,Det,6,,,57,0,57,72,0,72,58,0,58,0.94,17,,0,0,0,0,0,0,0,0,7,61,1,2,119,90,912,5,48,0,0,2,0,0,0,0
B. Cooks,WR,Hou,6,,,55,0,55,47,0,47,43,0,43,0.95,16,,0,0,0,0,0,0,0,0,2,21,0,1,134,90,1037,6,45,0,0,0,0,0,0,0
T. McLaurin,WR,Was,14,,,41,0,41,39,0,39,42,0,42,0.98,17,,0,0,0,0,0,0,0,0,1,12,0,1,130,77,1053,5,47,0,0,0,0,0,0,0
M. Gaskin,RB,Mia,11,,,216,0,216,240,0,240,228,0,228,0.03,17,,0,0,0,0,0,0,0,0,173,612,3,25,63,49,234,4,13,29,0,0,2,1,0,0
A. Cooper,WR,Cle,9,,,87,0,87,65,0,65,69,0,69,0.92,15,,0,0,0,0,0,0,0,0,0,0,0,0,104,68,865,8,45,0,0,0,1,0,0,0
M. Carter,RB,NYJ,10,,,113,0,113,116,0,116,105,0,105,0.68,14,,0,0,0,0,0,0,0,0,147,639,4,29,55,36,325,0,16,0,0,0,1,1,0,0
C. Kirk,WR,Jax,11,,,96,0,96,96,0,96,94,0,94,0.85,17,,1,0,33,0,0,0,0,1,1,11,0,1,103,77,982,5,44,-5,0,0,0,0,0,0
M. Brown,WR,Ari,13,,,79,0,79,56,0,56,57,0,57,0.92,16,,0,0,0,0,0,0,0,0,1,5,0,1,146,91,1008,6,41,0,0,0,3,1,0,0
D. Schultz,TE,Dal,9,,,60,0,60,60,0,60,64,0,64,0.99,17,,0,0,0,0,0,0,0,0,0,0,0,0,104,78,808,8,43,0,0,1,0,0,0,0
C. Hubbard,RB,Car,13,,,341,0,341,205,0,205,200,0,200,0.09,17,,0,0,0,0,0,0,0,0,172,612,5,36,37,25,174,1,8,21,0,0,1,1,0,0
G. Kittle,TE,SF,9,,,53,0,53,48,0,48,48,0,48,1,14,,0,0,0,0,0,0,0,0,3,20,0,0,94,71,910,6,42,0,0,0,2,1,0,0
A. Thielen,WR,Min,7,,,85,0,85,77,0,77,78,0,78,0.93,13,,0,0,0,0,0,0,0,0,1,2,0,0,95,67,726,10,37,0,0,0,1,0,0,0
A. Brown,WR,Phi,7,,,31,0,31,27,0,27,28,0,28,0.99,13,,0,2,0,0,0,0,0,0,2,10,0,1,105,63,869,5,45,0,0,0,0,0,0,0
D. Smith,WR,Phi,7,,,94,0,94,81,0,81,90,0,90,0.88,17,,0,0,0,0,0,0,0,0,0,0,0,0,104,64,916,5,43,0,0,1,1,1,0,0
D. Freeman,RB,Bal,10,NA,,331,0,331,400,0,400,400,0,400,0,16,,0,0,0,0,0,0,0,0,133,576,5,31,42,34,190,1,9,0,0,0,0,0,0,0
D. Booker,RB,NYG,9,NA,,338,0,338,400,0,400,400,0,400,0,16,,0,0,0,0,0,0,0,0,145,593,2,31,45,40,268,1,11,0,0,0,0,0,0,0
S. Barkley,RB,NYG,9,,,18,0,18,14,0,14,16,0,16,1,13,,0,0,0,0,0,0,0,0,162,593,2,27,57,41,263,2,13,0,0,0,2,1,0,0
K. Bourne,WR,NE,10,,,192,0,192,196,0,196,196,0,196,0.06,17,,1,0,25,1,0,0,0,1,12,125,0,7,70,55,800,5,27,0,0,0,1,1,0,0
B. Aiyuk,WR,SF,9,,,73,0,73,78,0,78,91,0,91,0.9,17,,0,0,0,0,0,0,0,0,5,17,0,0,84,56,826,5,37,208,0,1,1,1,0,0
R. Penny,RB,Sea,11,Q,,69,0,69,71,0,71,81,0,81,0.9,10,,0,0,0,0,0,0,0,0,119,749,6,28,8,6,48,0,3,0,0,0,0,0,0,0
T. Boyd,WR,Cin,10,,,125,0,125,124,0,124,121,0,121,0.57,16,,1,0,46,0,0,0,0,1,2,22,0,1,94,67,828,5,37,1,0,0,1,0,0,0
J. Williams,RB,Det,6,,,118,0,118,135,0,135,133,0,133,0.41,13,,0,0,0,0,0,0,0,0,153,601,3,42,28,26,157,0,6,0,0,0,1,0,0,0
C. Edmonds,RB,Mia,11,,,68,0,68,80,0,80,59,0,59,0.92,12,,0,0,0,0,0,0,0,0,116,592,2,32,53,43,311,0,11,0,0,0,1,1,0,0
K. Pitts,TE,Atl,14,,,36,0,36,28,0,28,32,0,32,1,17,,0,0,0,0,0,0,0,0,0,0,0,0,110,68,1026,1,43,0,0,0,0,0,0,0
V. Jefferson,WR,LAR,7,Q,,201,0,201,175,0,175,167,0,167,0.09,17,,0,0,0,0,0,0,0,0,2,20,0,1,89,50,802,6,32,0,0,0,0,0,0,0
C. Claypool,WR,Pit,9,,,124,0,124,110,0,110,115,0,115,0.7,15,,0,0,0,0,0,0,0,0,14,96,0,7,105,59,860,2,35,0,0,0,0,0,0,0
R. Gronkowski,TE,TB,11,NA,,320,0,320,400,0,400,400,0,400,0.07,12,,0,0,0,0,0,0,0,0,0,0,0,0,89,55,802,6,34,0,0,0,0,0,0,0
M. Jones Jr.,WR,Jax,11,,,210,0,210,184,0,184,168,0,168,0.08,17,,0,0,0,0,0,0,0,0,0,0,0,0,120,73,832,4,42,0,0,0,0,0,0,0
D. Knox,TE,Buf,7,,,88,0,88,92,0,92,110,0,110,0.95,15,,0,0,0,0,0,0,0,0,0,4,0,0,71,49,587,9,31,0,0,1,0,0,0,0
D. Goedert,TE,Phi,7,,,75,0,75,73,0,73,80,0,80,0.98,15,,0,0,0,0,0,0,0,0,0,0,0,0,76,56,830,4,42,0,0,1,1,0,0,0
H. Henry,TE,NE,10,,,129,0,129,115,0,115,127,0,127,0.7,17,,0,0,0,0,0,0,0,0,0,0,0,0,75,50,603,9,34,0,0,0,0,0,0,0
R. Stevenson,RB,NE,10,,,80,0,80,85,0,85,79,0,79,0.9,12,,0,0,0,0,0,0,0,0,133,606,5,33,18,14,123,0,3,0,0,0,2,1,0,0
J. Meyers,WR,NE,10,Q,,140,0,140,137,0,137,118,0,118,0.36,17,,2,0,45,0,0,0,0,1,1,9,0,0,126,83,866,2,42,7,0,2,1,1,0,0
Z. Ertz,TE,Ari,13,Q,,99,0,99,99,0,99,95,0,95,0.94,17,,0,0,0,0,0,0,0,0,1,4,0,0,112,74,763,5,40,0,0,0,0,0,0,0
A. Mattison,RB,Min,7,,,115,0,115,123,0,123,120,0,120,0.62,16,,0,0,0,0,0,0,0,0,134,491,3,28,39,32,228,1,10,18,0,0,1,1,0,0
B. Pringle,WR,Chi,14,Q,,265,0,265,222,0,222,217,0,217,0.01,17,,0,0,0,0,0,0,0,0,0,0,0,0,60,42,568,5,32,621,0,0,0,1,0,0
L. Murray,RB,Bal,10,NA,,337,0,337,400,0,400,400,0,400,0,14,,0,0,0,0,0,0,0,0,119,501,6,36,13,10,75,0,2,0,0,0,0,0,0,0
T. Patrick,WR,Den,9,IR,,400,0,400,400,0,400,400,0,400,0.06,16,,0,0,0,0,0,0,0,0,0,0,0,1,85,53,734,5,39,0,0,0,0,0,0,0
M. Sanders,RB,Phi,7,Q,,66,0,66,70,0,70,75,0,75,0.91,12,,0,0,0,0,0,0,0,0,137,754,0,33,34,26,158,0,6,0,0,1,1,1,0,0
B. Berrios,WR,NYJ,10,,,262,0,262,230,0,230,219,0,219,0.03,16,,0,0,0,0,0,0,0,0,7,40,2,3,65,46,431,2,22,1053,1,0,1,1,0,0
C. McCaffrey,RB,Car,13,,,2,0,2,2,0,2,1,0,1,1,7,,0,0,0,0,0,0,0,0,99,442,1,20,41,37,343,1,21,0,0,0,1,0,0,0
A. Green,WR,Ari,13,,,242,0,242,204,0,204,203,0,203,0.07,16,,0,0,0,0,0,0,0,0,0,0,0,0,92,54,848,3,37,0,0,0,0,0,0,0
D. Harty,WR,NO,14,,,339,0,339,337,0,337,339,0,339,0.01,13,,0,0,0,0,0,0,0,0,5,41,0,1,59,36,570,3,23,889,0,0,0,1,0,0
K. Osborn,WR,Min,7,,,186,0,186,176,0,176,166,0,166,0.11,17,,0,0,0,0,0,0,0,0,1,10,0,1,82,50,655,7,26,23,0,0,0,0,0,0
M. Davis,RB,Bal,10,,,193,0,193,223,0,223,216,0,216,0.15,17,,0,0,0,0,0,0,0,0,138,503,3,21,58,44,259,1,12,0,0,0,4,3,0,0
M. Callaway,WR,NO,14,,,263,0,263,233,0,233,235,0,235,0.01,17,,0,0,0,0,0,0,0,0,0,0,0,0,84,46,698,6,32,2,0,0,0,0,0,0
G. Smith,QB,Sea,11,,,294,0,294,256,0,256,280,0,280,0.02,4,,65,30,702,5,1,0,13,31,9,42,1,3,0,0,0,0,0,0,0,0,1,1,0,0
C. Edwards-Helaire,RB,KC,8,,,59,0,59,74,0,74,68,0,68,0.94,10,,0,0,0,0,0,0,0,0,119,517,4,21,23,19,129,2,8,0,0,1,2,2,0,0
D. Hopkins,WR,Ari,13,SUSP,,117,0,117,94,0,94,103,0,103,0.83,10,,0,0,0,0,0,0,0,0,0,0,0,0,64,42,572,8,32,0,0,0,0,0,0,0
C. Wilson Jr.,WR,Mia,11,,,326,0,326,236,0,236,229,0,229,0.01,16,,3,0,88,0,0,0,0,3,2,11,0,1,61,45,602,6,27,36,0,1,1,0,0,0
A. Lazard,WR,GB,14,,,98,0,98,82,0,82,96,0,96,0.88,15,,0,0,0,0,0,0,0,0,3,32,0,2,60,40,513,8,28,0,0,0,0,0,0,0
K. Gainwell,RB,Phi,7,,,126,0,126,128,0,128,116,0,116,0.49,16,,0,0,0,0,0,0,0,0,68,291,5,19,50,33,253,1,14,137,0,1,1,1,0,0
B. Bolden,RB,LV,6,,,400,0,400,336,0,336,330,0,330,0,17,,0,0,0,0,0,0,0,0,44,226,1,12,49,41,405,2,21,62,0,1,1,0,0,0
K. Herbert,RB,Chi,14,Q,,127,0,127,136,0,136,132,0,132,0.34,17,,0,0,0,0,0,0,0,0,103,433,2,24,16,14,96,0,6,650,0,0,0,0,0,0
M. Gesicki,TE,Mia,11,,,136,0,136,126,0,126,131,0,131,0.71,17,,0,1,0,0,0,0,0,0,0,0,0,0,112,73,780,2,39,0,0,1,0,0,0,0
R. Gage,WR,TB,11,Q,,108,0,108,127,0,127,122,0,122,0.53,14,,0,0,0,0,0,0,0,0,0,0,0,0,94,66,770,4,37,0,0,0,2,2,0,0
R. Burkhead,RB,Hou,6,,,222,0,222,227,0,227,220,0,220,0.02,16,,0,1,0,0,0,0,0,0,122,427,3,30,32,25,186,0,9,0,0,0,1,0,0,0
D. Johnson,RB,Cle,9,,,195,0,195,208,0,208,212,0,212,0.03,17,,0,0,0,0,0,0,0,0,100,534,3,24,25,19,137,0,7,139,0,0,1,0,0,0
M. Ingram II,RB,NO,14,,,188,0,188,166,0,166,164,0,164,0.17,14,,0,0,0,0,0,0,0,0,160,554,2,22,35,27,162,0,9,0,0,0,1,1,0,0
R. Woods,WR,Ten,6,,,107,0,107,101,0,101,102,0,102,0.75,9,,0,0,0,0,0,0,0,0,8,46,1,1,69,45,556,4,34,0,0,1,0,0,0,0
M. White,QB,NYJ,10,,,400,0,400,400,0,400,400,0,400,0,4,,88,44,953,5,8,0,4,49,5,-1,0,2,0,0,0,0,0,0,0,1,0,0,0,0
C. Sutton,WR,Den,9,,,48,0,48,36,0,36,41,0,41,0.97,17,,1,0,16,0,0,0,0,1,0,0,0,0,98,58,776,2,35,0,0,1,0,0,0,0
D. Lock,QB,Sea,11,,,290,0,290,252,0,252,271,0,271,0.02,6,,67,44,787,2,2,0,9,32,10,53,2,5,1,1,1,0,0,0,0,0,2,1,0,0
K. Hunt,RB,Cle,9,,,90,0,90,88,0,88,70,0,70,0.89,8,,0,0,0,0,0,0,0,0,78,386,5,22,27,22,174,0,10,0,0,1,0,0,0,0
E. Moore,WR,NYJ,10,,,72,0,72,66,0,66,71,0,71,0.89,11,,0,0,0,0,0,0,0,0,5,54,1,3,77,43,538,5,24,0,0,0,0,0,0,0
D. Carter,WR,LAC,8,,,400,0,400,400,0,400,400,0,400,0,17,,0,0,0,0,0,0,0,0,10,89,0,4,44,24,296,3,17,1038,1,0,1,0,0,0
T. Johnson,RB,NYJ,10,,,400,0,400,275,0,275,257,0,257,0,16,,0,0,0,0,0,0,0,0,61,238,2,13,55,34,372,2,20,57,0,0,1,1,0,0
P. Freiermuth,TE,Pit,9,,,114,0,114,113,0,113,109,0,109,0.86,16,,0,0,0,0,0,0,0,0,0,0,0,0,79,60,497,7,34,0,0,1,1,1,0,0
M. Hardman,WR,KC,8,,,199,0,199,172,0,172,163,0,163,0.3,17,,0,0,0,0,0,0,0,0,8,46,0,2,83,59,693,2,33,192,0,0,2,2,0,0
T. Lance,QB,SF,9,,,89,0,89,95,0,95,97,0,97,0.93,6,,41,30,603,5,2,0,4,27,38,168,1,8,0,0,0,0,0,0,0,1,0,0,0,0
Z. Moss,RB,Buf,7,,,340,0,340,213,0,213,223,0,223,0.03,13,,0,0,0,0,0,0,0,0,96,345,4,22,32,23,197,1,12,0,0,0,2,1,0,0
K. Raymond,WR,Det,6,,,400,0,400,375,0,375,376,0,376,0,16,,0,0,0,0,0,0,0,0,4,28,0,2,71,48,576,4,28,236,0,0,0,0,0,0
D. Foreman,RB,Car,13,,,175,0,175,178,0,178,177,0,177,0.11,9,,0,0,0,0,0,0,0,0,133,566,3,22,11,9,123,0,6,0,0,0,2,1,0,0
E. Sanders,WR,Buf,7,NA,,255,0,255,400,0,400,400,0,400,0.01,14,,0,0,0,0,0,0,0,0,2,31,0,2,72,42,626,4,31,0,0,0,0,0,0,0
B. Scott,RB,Phi,7,,,202,0,202,189,0,189,202,0,202,0.04,16,,0,0,0,0,0,0,0,0,87,373,7,24,16,13,83,0,3,13,0,0,1,1,0,0
N. Fant,TE,Sea,11,,,179,0,179,144,0,144,146,0,146,0.26,16,,0,0,0,0,0,0,0,0,0,0,0,0,90,68,670,4,29,0,0,0,0,0,0,0
G. Davis,WR,Buf,7,,,63,0,63,51,0,51,74,0,74,0.94,16,,0,0,0,0,0,0,0,0,0,0,0,0,63,35,549,6,29,0,0,0,0,0,0,0
J. McKissic,RB,Was,14,Q,,137,0,137,160,0,160,123,0,123,0.31,11,,0,0,0,0,0,0,0,0,48,212,2,14,53,43,397,2,15,0,0,0,0,0,0,0
T. Hockenson,TE,Det,6,,,86,0,86,79,0,79,82,0,82,0.98,12,,0,0,0,0,0,0,0,0,0,0,0,0,84,61,583,4,32,0,0,1,0,0,0,0
T. Higbee,TE,LAR,7,,,134,0,134,146,0,146,152,0,152,0.54,15,,0,0,0,0,0,0,0,0,0,0,0,0,85,61,560,5,33,0,0,0,1,0,0,0
N. Hines,RB,Ind,14,,,103,0,103,139,0,139,106,0,106,0.65,17,,0,0,0,0,0,0,0,0,56,276,2,15,57,40,310,1,15,240,0,0,1,2,0,0
J. Cook,TE,LAC,8,NA,,324,0,324,400,0,400,400,0,400,0,16,,0,0,0,0,0,0,0,0,0,0,0,0,83,48,564,4,31,0,0,2,0,0,0,0
J. Landry,WR,NO,14,,,155,0,155,151,0,151,129,0,129,0.36,12,,0,0,0,0,0,0,1,0,6,40,2,4,87,52,570,2,29,0,0,0,3,2,0,0
O. Beckham Jr.,WR,LAR,7,NA,,225,0,225,400,0,400,400,0,400,0.14,14,,0,0,0,0,0,0,0,0,2,14,0,1,82,44,537,5,27,0,0,0,0,0,0,0
R. Anderson,WR,Car,13,Q,,184,0,184,177,0,177,162,0,162,0.12,17,,0,0,0,0,0,0,0,0,3,36,0,1,110,53,519,5,27,0,0,0,0,0,0,0
C. McCoy,QB,Ari,13,,,400,0,400,400,0,400,400,0,400,0,8,,74,25,740,3,1,0,6,39,22,37,0,6,0,0,0,0,0,0,0,0,4,1,0,0
K. Drake,RB,LV,6,NA,,279,0,279,400,0,400,400,0,400,0.03,12,,0,0,0,0,0,0,0,0,63,254,2,15,40,30,291,1,12,192,0,0,0,0,0,0
D. Waller,TE,LV,6,Q,,51,0,51,52,0,52,54,0,54,0.99,11,,0,0,0,0,0,0,0,0,0,0,0,0,93,55,665,2,31,0,0,0,0,0,0,0
C. Beasley,WR,Buf,7,NA,,325,0,325,400,0,400,400,0,400,0.01,16,,0,1,0,0,0,0,0,0,0,0,0,0,112,82,693,1,34,0,0,1,1,0,0,0
D. Duvernay,WR,Bal,10,,,400,0,400,265,0,265,263,0,263,0.09,16,,0,0,0,0,0,0,0,0,7,50,0,3,47,33,272,2,14,1036,0,0,0,0,0,0
A. Brown,WR,TB,11,NA,,319,0,319,400,0,400,400,0,400,0.01,7,,0,0,0,0,0,0,0,0,1,6,0,0,62,42,545,4,29,0,0,0,0,0,0,0
D. Peoples-Jones,WR,Cle,9,,,232,0,232,191,0,191,191,0,191,0.04,14,,0,0,0,0,0,0,0,0,0,0,0,0,58,34,597,3,26,95,0,0,1,1,0,0
J. Johnson,QB,Den,9,,,400,0,400,400,0,400,400,0,400,0,4,,57,28,638,5,2,0,3,39,9,28,0,1,0,0,0,0,0,0,0,1,2,0,0,0
Q. Watkins,WR,Phi,7,,,400,0,400,251,0,251,247,0,247,0.01,17,,0,0,0,0,0,0,0,0,1,3,0,0,62,43,647,1,25,138,0,1,0,0,0,0
R. Jones II,RB,KC,8,,,203,0,203,188,0,188,194,0,194,0.24,16,,0,0,0,0,0,0,0,0,101,428,4,25,13,10,64,0,2,0,0,0,2,2,0,0
A. Abdullah,RB,LV,6,,,400,0,400,271,0,271,256,0,256,0.04,17,,0,0,0,0,0,0,0,0,51,166,0,8,53,38,289,1,13,646,0,0,0,0,0,0
C. Uzomah,TE,NYJ,10,,,280,0,280,232,0,232,231,0,231,0.02,16,,0,0,0,0,0,0,0,0,0,0,0,0,63,49,493,5,24,0,0,0,0,0,0,0
J. Jackson,RB,Det,6,,,400,0,400,268,0,268,270,0,270,0,14,,0,0,0,0,0,0,0,0,68,364,2,18,25,22,178,0,8,0,0,0,1,1,0,0
T. Conklin,TE,NYJ,10,,,329,0,329,264,0,264,264,0,264,0.02,17,,0,0,0,0,0,0,0,0,0,0,0,0,87,61,593,3,26,0,0,0,1,0,0,0
B. Edwards,WR,Atl,14,,,269,0,269,226,0,226,224,0,224,0.01,16,,0,0,0,0,0,0,0,0,1,0,0,0,59,34,571,3,26,0,0,0,1,0,0,0
L. Shenault Jr.,WR,Jax,11,,,260,0,260,216,0,216,210,0,210,0.02,16,,0,0,0,0,0,0,0,0,11,41,0,2,100,63,619,0,30,0,0,0,1,1,0,0
J. Howard,RB,Phi,7,NA,,330,0,330,400,0,400,400,0,400,0,7,,0,0,0,0,0,0,0,0,86,406,3,24,5,2,19,0,2,0,0,0,0,0,0,0
G. Everett,TE,LAC,8,,,153,0,153,148,0,148,153,0,153,0.23,15,,0,0,0,0,0,0,0,0,3,20,0,2,63,48,478,4,26,0,0,0,2,2,0,0
D. Dallas,RB,Sea,11,,,400,0,400,317,0,317,304,0,304,0.01,17,,0,0,0,0,0,0,0,0,33,138,2,10,23,21,133,0,4,764,0,0,1,0,0,0
R. Moore,WR,Ari,13,,,158,0,158,152,0,152,130,0,130,0.29,14,,0,0,0,0,0,0,0,0,18,76,0,2,64,54,435,1,18,462,0,0,1,1,0,0
D. Parker,WR,NE,10,,,135,0,135,140,0,140,128,0,128,0.42,10,,0,0,0,0,0,0,0,0,0,0,0,0,73,40,515,2,29,0,0,0,0,0,0,0
J. Agnew,WR,Jax,11,,,400,0,400,370,0,370,367,0,367,0,10,,0,0,0,0,0,0,0,0,7,111,1,3,39,24,229,1,14,599,1,0,0,0,0,0
N. Westbrook-Ikhine,WR,Ten,6,,,400,0,400,262,0,262,258,0,258,0.01,16,,0,0,0,0,0,0,0,0,0,0,0,0,57,38,476,4,23,0,0,0,1,1,0,0
C. Davis,WR,NYJ,10,,,180,0,180,164,0,164,159,0,159,0.1,9,,0,0,0,0,0,0,0,0,0,0,0,0,59,34,492,4,23,0,0,0,2,1,0,0
R. McCloud III,WR,SF,9,,,400,0,400,400,0,400,400,0,400,0,16,,0,0,0,0,0,0,0,0,2,15,0,0,66,39,277,0,18,1143,0,0,1,1,0,0
C. Kmet,TE,Chi,14,,,116,0,116,112,0,112,108,0,108,0.79,17,,0,0,0,0,0,0,0,0,1,0,0,0,93,60,612,0,29,0,0,0,0,0,0,0
D. Njoku,TE,Cle,9,,,128,0,128,131,0,131,142,0,142,0.63,16,,0,0,0,0,0,0,0,0,1,1,0,0,53,36,475,4,17,0,0,0,0,0,0,0
N. Agholor,WR,NE,10,,,273,0,273,235,0,235,230,0,230,0.02,15,,0,0,0,0,0,0,0,0,3,11,0,0,64,37,473,3,23,0,0,0,0,0,0,0
Z. Jones,WR,Jax,11,,,270,0,270,218,0,218,213,0,213,0.01,17,,0,0,0,0,0,0,0,0,2,3,0,0,70,47,546,1,29,0,0,0,1,1,0,0
J. Guyton,WR,LAC,8,,,400,0,400,292,0,292,291,0,291,0,16,,0,0,0,0,0,0,0,0,7,34,0,2,48,31,448,3,21,32,0,0,1,0,0,0
O. Zaccheaus,WR,Atl,14,,,400,0,400,304,0,304,303,0,303,0,17,,0,0,0,0,0,0,0,0,1,2,0,1,53,31,406,3,22,77,0,0,0,0,0,0
D. Hilliard,RB,Ten,6,,,206,0,206,269,0,269,255,0,255,0.04,8,,0,0,0,0,0,0,0,0,56,350,2,15,26,19,87,0,7,177,0,0,2,1,0,0
S. Perine,RB,Cin,10,,,163,0,163,207,0,207,188,0,188,0.06,16,,0,0,0,0,0,0,0,0,55,246,1,11,31,27,196,1,9,0,0,0,0,0,0,0
R. Cobb,WR,GB,14,,,266,0,266,228,0,228,222,0,222,0.04,12,,0,0,0,0,0,0,0,0,1,1,0,0,39,28,375,5,21,0,0,0,0,1,0,0
R. Bateman,WR,Bal,10,,,67,0,67,62,0,62,60,0,60,0.92,12,,0,0,0,0,0,0,0,0,0,0,0,0,68,46,515,1,29,0,0,0,0,0,0,0
J. Crowder,WR,Buf,7,,,256,0,256,200,0,200,183,0,183,0.05,12,,0,0,0,0,0,0,1,0,0,0,0,0,71,51,447,2,23,0,0,2,1,1,0,0
J. Reagor,WR,Phi,7,,,303,0,303,267,0,267,252,0,252,0.01,17,,0,0,0,0,0,0,0,0,10,32,0,3,57,33,299,2,13,482,0,0,0,0,0,0
T. Coleman,RB,NYJ,10,,,400,0,400,279,0,279,286,0,286,0,11,,0,0,0,0,0,0,0,0,84,356,0,19,16,11,49,0,2,317,0,0,0,0,0,0
F. Swain,WR,Sea,11,,,400,0,400,374,0,374,352,0,352,0,17,,0,0,0,0,0,0,0,0,5,32,0,2,40,25,343,4,12,189,0,0,0,0,0,0
D. Johnson,RB,Buf,7,,,323,0,323,400,0,400,400,0,400,0,5,,0,0,0,0,0,0,0,0,71,330,3,18,5,4,41,0,3,0,0,0,0,0,0,0
C. Keenum,QB,Buf,7,,,400,0,400,400,0,400,400,0,400,0,7,,47,25,462,3,1,0,5,25,12,22,0,6,0,0,0,0,0,0,0,0,1,1,0,0
G. Minshew II,QB,Phi,7,,,400,0,400,381,0,381,400,0,400,0,4,,41,19,439,4,1,0,5,24,9,21,0,2,0,0,0,0,0,0,0,0,1,0,0,0
K. Golladay,WR,NYG,9,,,157,0,157,147,0,147,145,0,145,0.33,14,,0,0,0,0,0,0,0,0,0,0,0,0,76,37,521,0,27,0,0,0,0,0,0,0
I. McKenzie,WR,Buf,7,,,159,0,159,201,0,201,187,0,187,0.37,15,,0,0,0,0,0,0,0,0,9,47,1,4,26,20,178,1,13,731,0,0,0,1,0,0
J. Palmer,WR,LAC,8,,,220,0,220,171,0,171,161,0,161,0.13,17,,0,0,0,0,0,0,0,0,1,6,0,0,49,33,353,4,18,0,0,0,0,0,0,0
M. Gallup,WR,Dal,9,PUP-P,,234,0,234,132,0,132,137,0,137,0.4,9,,0,0,0,0,0,0,0,0,0,0,0,0,62,35,445,2,23,0,0,0,0,0,0,0
M. Valdes-Scantling,WR,KC,8,Q,,138,0,138,125,0,125,134,0,134,0.52,11,,0,0,0,0,0,0,0,0,0,0,0,0,55,26,430,3,18,0,0,0,0,0,0,0
K. Cole,WR,LV,6,,,400,0,400,400,0,400,400,0,400,0,15,,0,1,0,0,0,0,0,0,0,0,0,0,51,28,449,1,20,140,0,0,0,0,0,0
F. Moreau,TE,LV,6,,,277,0,277,294,0,294,298,0,298,0.01,17,,0,0,0,0,0,0,0,0,0,0,0,0,44,30,373,3,16,0,0,0,1,0,0,0
E. Engram,TE,Jax,11,,,150,0,150,159,0,159,158,0,158,0.21,15,,0,0,0,0,0,0,0,0,1,-3,0,0,73,46,408,3,21,0,0,0,1,1,0,0
T. Homer,RB,Sea,11,,,400,0,400,331,0,331,311,0,311,0.01,14,,0,0,0,0,0,0,0,0,21,177,1,7,20,16,161,0,8,44,1,0,0,0,0,0
T. Smith,WR,NO,14,Q,,276,0,276,254,0,254,245,0,245,0,11,,0,0,0,0,0,0,0,0,0,0,0,0,50,32,377,3,18,0,0,0,1,0,0,0
A. Dulin,WR,Ind,14,,,400,0,400,338,0,338,337,0,337,0,17,,0,0,0,0,0,0,0,0,3,32,0,1,22,13,173,2,9,206,0,0,0,0,0,0
J. Reynolds,WR,Det,6,,,289,0,289,248,0,248,246,0,246,0,12,,0,0,0,0,0,0,0,0,0,0,0,0,49,29,396,2,21,0,0,0,0,0,0,0
A. Hooper,TE,Ten,6,,,147,0,147,162,0,162,160,0,160,0.31,16,,0,0,0,0,0,0,0,0,0,0,0,0,61,38,345,3,18,0,0,1,0,0,0,0
D. Johnson,RB,Hou,6,NA,,348,0,348,400,0,400,400,0,400,0,13,,0,0,0,0,0,0,0,0,67,228,0,7,42,32,225,1,11,0,0,0,1,1,0,0
N. Collins,WR,Hou,6,,,144,0,144,161,0,161,155,0,155,0.22,14,,0,0,0,0,0,0,0,0,0,0,0,0,60,33,446,1,22,0,0,0,0,0,0,0
Z. Pascal,WR,Phi,7,,,400,0,400,343,0,343,340,0,340,0,16,,0,0,0,0,0,0,0,0,2,21,0,0,69,38,384,3,15,14,0,0,1,1,0,0
J. Jennings,WR,SF,9,,,400,0,400,323,0,323,318,0,318,0,16,,0,0,0,0,0,0,0,0,0,0,0,0,38,24,282,5,15,0,0,0,1,0,0,0
A. Robinson II,WR,LAR,7,,,40,0,40,54,0,54,47,0,47,0.97,12,,0,0,0,0,0,0,0,0,0,0,0,0,66,38,410,1,22,0,0,1,0,0,0,0
L. Treadwell,WR,Jax,11,,,400,0,400,327,0,327,322,0,322,0,12,,0,0,0,0,0,0,0,0,0,0,0,0,51,33,434,1,22,0,0,0,0,0,0,0
J. Wilson Jr.,RB,SF,9,,,328,0,328,211,0,211,208,0,208,0.03,9,,0,0,0,0,0,0,0,0,79,294,2,19,8,7,31,0,1,0,0,0,1,0,0,0
M. Alie-Cox,TE,Ind,14,,,176,0,176,203,0,203,214,0,214,0.07,17,,0,0,0,0,0,0,0,0,0,0,0,0,45,24,316,4,14,0,0,0,1,0,0,0
J. Grant Sr.,WR,Cle,9,IR,,400,0,400,400,0,400,400,0,400,0,15,,0,0,0,0,0,0,0,0,5,33,0,2,17,11,132,2,7,848,1,0,1,3,0,0
J. Patterson,RB,Was,14,,,400,0,400,295,0,295,301,0,301,0,17,,0,0,0,0,0,0,0,0,68,266,2,15,11,10,73,0,5,0,0,0,1,0,0,0
J. Jones,WR,TB,11,,,171,0,171,155,0,155,151,0,151,0.47,10,,0,0,0,0,0,0,0,0,0,0,0,0,48,31,434,1,19,0,0,0,0,0,0,0
C. Rogers,WR,Hou,6,IR,,400,0,400,400,0,400,400,0,400,0,16,,0,0,0,0,0,0,0,0,1,9,0,0,43,30,301,1,12,575,0,0,0,1,0,0
K. Toney,WR,NYG,9,Q,,109,0,109,106,0,106,107,0,107,0.6,10,,1,2,19,0,0,0,1,1,3,6,0,0,57,39,420,0,21,0,0,0,0,0,0,0
D. Gore,RB,KC,8,NA,,400,0,400,400,0,400,400,0,400,0,11,,0,0,0,0,0,0,0,0,51,256,2,12,9,8,105,0,3,0,0,0,0,0,0,0
J. Jeudy,WR,Den,9,,,61,0,61,59,0,59,61,0,61,0.95,10,,0,0,0,0,0,0,0,0,2,3,0,0,56,38,467,0,22,0,0,0,1,0,0,0
T. Boyle,QB,Det,6,,,400,0,400,400,0,400,400,0,400,0,5,,61,33,526,3,6,0,0,28,2,13,0,1,0,0,0,0,0,0,0,1,1,0,0,0
J. McNichols,RB,Pit,9,IR,,400,0,400,373,0,373,399,0,399,0,14,,0,0,0,0,0,0,0,0,41,156,0,6,38,28,240,1,11,31,0,0,0,0,0,0
D. Williams,RB,Atl,14,,,400,0,400,212,0,212,205,0,205,0.01,12,,0,0,0,0,0,0,0,0,40,164,2,11,23,16,103,1,3,0,0,0,0,0,0,0
M. Hollins,WR,LV,6,,,400,0,400,355,0,355,355,0,355,0,17,,0,0,0,0,0,0,0,0,0,0,0,0,28,14,223,4,11,0,0,0,0,0,0,0
T. Hilton,WR,Ind,14,NA,,336,0,336,400,0,400,400,0,400,0,10,,0,0,0,0,0,0,0,0,0,0,0,0,37,23,331,3,15,0,0,0,0,0,0,0
K. Juszczyk,RB,SF,9,,,400,0,400,363,0,363,344,0,344,0,17,,0,0,0,0,0,0,0,0,8,22,1,3,38,30,296,1,16,0,0,0,0,0,0,0
P. Lindsay,RB,Ind,14,,,400,0,400,244,0,244,259,0,259,0.01,14,,0,0,0,0,0,0,0,0,88,249,1,11,5,4,45,1,1,72,0,0,0,0,0,0
C. Brate,TE,TB,11,,,223,0,223,225,0,225,227,0,227,0.07,17,,0,0,0,0,0,0,0,0,0,0,0,0,57,30,245,4,15,0,0,0,0,0,0,0
D. Felton,RB,Cle,9,,,400,0,400,400,0,400,400,0,400,0,16,,0,0,0,0,0,0,0,0,7,24,0,0,21,18,181,2,10,399,0,0,0,0,0,0
G. Igwebuike,RB,Det,6,,,400,0,400,400,0,400,400,0,400,0,17,,0,0,0,0,0,0,0,0,18,118,1,7,10,7,60,0,4,697,0,0,2,2,0,0
S. Shepard,WR,NYG,9,Q,,267,0,267,210,0,210,190,0,190,0.02,7,,0,0,0,0,0,0,0,0,1,-9,0,0,53,36,366,1,19,0,0,0,0,0,0,0
P. Walker,QB,Car,13,,,400,0,400,400,0,400,400,0,400,0,5,,36,30,362,1,3,0,7,19,7,13,0,2,0,0,0,0,0,0,0,1,3,1,0,0
A. Firkser,TE,Atl,14,,,400,0,400,298,0,298,292,0,292,0,15,,0,0,0,0,0,0,0,0,0,0,0,0,43,34,291,2,15,0,0,0,2,1,0,0
J. Love,QB,GB,14,,,400,0,400,400,0,400,400,0,400,0.01,6,,36,26,411,2,3,0,3,22,12,27,0,1,0,0,0,0,0,0,0,1,3,1,0,0
D. Arnold,TE,Jax,11,,,288,0,288,231,0,231,232,0,232,0.01,11,,0,0,0,0,0,0,0,0,0,0,0,0,52,35,408,0,20,13,0,1,1,1,0,0
S. Watkins,WR,GB,14,,,247,0,247,224,0,224,225,0,225,0.2,13,,0,0,0,0,0,0,0,0,0,0,0,0,49,27,394,1,17,0,0,0,1,1,0,0
D. Slayton,WR,NYG,9,Q,,400,0,400,255,0,255,249,0,249,0,13,,0,0,0,0,0,0,0,0,1,-13,0,0,58,26,339,2,14,0,0,0,1,1,0,0
C. Carson,RB,Sea,11,NA,,322,0,322,400,0,400,400,0,400,0.01,4,,0,0,0,0,0,0,0,0,54,232,3,11,6,6,29,0,1,0,0,0,1,1,0,0
C. Conley,WR,Hou,6,,,400,0,400,329,0,329,324,0,324,0,16,,0,0,0,0,0,0,0,0,1,3,0,1,37,22,323,2,15,0,0,0,1,1,0,0
D. Robinson,WR,Bal,10,,,400,0,400,316,0,316,314,0,314,0,17,,0,0,0,0,0,0,0,0,0,0,0,0,41,25,264,3,13,3,0,0,0,0,0,0
H. Bryant,TE,Cle,9,,,400,0,400,270,0,270,273,0,273,0,16,,0,0,0,0,0,0,0,0,0,0,0,0,28,21,233,3,14,0,0,0,0,0,0,0
C. Ridley,WR,Atl,14,SUSP,,321,0,321,400,0,400,400,0,400,0.02,5,,0,0,0,0,0,0,0,0,0,0,0,0,52,31,281,2,16,0,0,0,0,0,0,0
A. Okwuegbunam,TE,Den,9,,,112,0,112,130,0,130,141,0,141,0.78,14,,0,0,0,0,0,0,0,0,0,0,0,0,40,33,330,2,15,0,0,0,1,1,0,0
D. Byrd,WR,Atl,14,,,400,0,400,400,0,400,400,0,400,0,17,,0,0,0,0,0,0,0,0,0,0,0,0,38,26,329,1,18,0,0,1,0,1,0,0
C. Rush,QB,Dal,9,,,400,0,400,400,0,400,400,0,400,0,5,,30,17,422,3,1,0,3,18,9,-8,0,0,0,0,0,0,0,0,0,0,1,1,0,0
J. Smith,TE,NE,10,,,286,0,286,206,0,206,209,0,209,0.02,16,,0,0,0,0,0,0,0,0,9,40,0,2,45,28,294,1,15,0,0,0,1,0,0,0
D. Ogunbowale,RB,Hou,6,,,400,0,400,383,0,383,396,0,396,0,17,,0,0,0,0,0,0,0,0,43,137,1,5,21,13,114,1,3,0,0,0,0,0,0,0
R. Griffin,TE,Chi,14,Q,,400,0,400,400,0,400,400,0,400,0,14,,0,0,0,0,0,0,0,0,0,0,0,0,42,27,261,2,14,8,0,0,1,0,0,0
D. Smythe,TE,Mia,11,,,400,0,400,387,0,387,371,0,371,0,17,,0,0,0,0,0,0,0,0,2,3,0,2,41,34,357,0,15,0,0,0,0,0,0,0
C. Hyde,RB,Jax,11,NA,,400,0,400,400,0,400,400,0,400,0,12,,0,0,0,0,0,0,0,0,72,253,1,14,22,12,65,0,1,0,0,0,2,2,0,0
G. Swaim,TE,Ten,6,,,400,0,400,352,0,352,348,0,348,0,16,,0,0,0,0,0,0,0,0,0,0,0,0,40,31,210,3,12,0,0,0,0,0,0,0
R. Seals-Jones,TE,NYG,9,IR,,272,0,272,400,0,400,400,0,400,0.01,13,,0,0,0,0,0,0,0,0,0,0,0,0,49,30,271,2,14,0,0,0,0,0,0,0
A. Roberts,WR,Car,13,,,400,0,400,400,0,400,400,0,400,0,16,,0,0,0,0,0,0,0,0,3,19,0,0,2,1,35,0,1,1109,1,0,0,2,0,0
J. Johnson,TE,NO,14,,,400,0,400,348,0,348,353,0,353,0,14,,0,0,0,0,0,0,0,0,0,0,0,0,21,13,159,4,12,0,0,0,0,0,0,0
D. Parham Jr.,TE,LAC,8,Q,,400,0,400,284,0,284,288,0,288,0.01,14,,0,0,0,0,0,0,0,0,0,0,0,0,27,20,190,3,13,0,0,1,0,0,0,0
J. Washington,WR,Dal,9,O,,400,0,400,305,0,305,306,0,306,0.01,15,,0,0,0,0,0,0,0,0,2,13,0,1,44,24,285,2,9,0,0,0,0,0,0,0
C. Evans,RB,Cin,10,,,228,0,228,249,0,249,237,0,237,0.03,14,,0,0,0,0,0,0,0,0,17,77,0,3,17,15,151,2,6,58,0,0,0,0,0,0
T. Johnson,WR,TB,11,,,400,0,400,339,0,339,328,0,328,0,17,,0,0,0,0,0,0,0,0,0,0,0,0,55,36,360,0,14,10,0,0,0,0,0,0
J. Hasty,RB,SF,9,,,400,0,400,400,0,400,380,0,380,0,11,,0,0,0,0,0,0,0,0,16,68,1,6,29,23,157,0,7,145,0,0,1,1,0,0
G. Bernard,RB,TB,11,Q,,400,0,400,274,0,274,253,0,253,0,12,,0,0,0,0,0,0,0,0,8,58,0,3,29,23,123,3,8,60,0,0,1,0,0,0
C. Sims,WR,Was,14,Q,,400,0,400,400,0,400,400,0,400,0,14,,0,0,0,0,0,0,0,0,1,7,0,0,23,15,211,2,11,0,0,0,0,0,0,0
R. Higgins,WR,Car,13,,,400,0,400,319,0,319,319,0,319,0,15,,0,0,0,0,0,0,0,0,0,0,0,0,47,24,275,1,16,0,0,0,0,0,0,0
A. Trautman,TE,NO,14,,,278,0,278,220,0,220,221,0,221,0.01,13,,0,0,0,0,0,0,0,0,0,0,0,0,43,27,263,2,13,0,0,0,1,1,0,0
L. Bell,RB,TB,11,NA,,400,0,400,400,0,400,400,0,400,0,8,,0,0,0,0,0,0,0,0,39,101,2,9,7,5,30,1,3,0,0,1,0,0,0,0
M. Goodwin,WR,Sea,11,Q,,400,0,400,400,0,400,400,0,400,0,14,,0,0,0,0,0,0,0,0,2,-1,0,0,40,20,313,1,12,0,0,0,1,0,0,0
A. Schwartz,WR,Cle,9,,,400,0,400,322,0,322,320,0,320,0,14,,0,0,0,0,0,0,0,0,6,39,0,4,23,10,135,1,6,322,0,0,0,0,0,0
M. Breida,RB,NYG,9,Q,,285,0,285,234,0,234,239,0,239,0.01,9,,0,0,0,0,0,0,0,0,26,125,1,5,9,7,72,2,4,27,0,0,1,1,0,0
C. Clement,RB,Bal,10,NA,,400,0,400,400,0,400,400,0,400,0,17,,0,0,0,0,0,0,0,0,33,140,0,7,7,6,29,1,1,215,0,0,0,0,0,0
C. Reynolds,RB,Det,6,,,400,0,400,345,0,345,343,0,343,0,5,,0,0,0,0,0,0,0,0,55,230,0,11,8,7,52,0,3,0,0,0,0,0,0,0
J. Flacco,QB,NYJ,10,,,305,0,305,340,0,340,379,0,379,0.01,2,,27,15,338,3,0,0,2,14,2,3,0,1,0,0,0,0,0,0,0,0,1,1,0,0
A. Wesley,WR,Ari,13,Q,,400,0,400,367,0,367,373,0,373,0,15,,0,0,0,0,0,0,0,0,0,0,0,0,32,19,208,3,9,0,0,0,0,0,0,0
T. Tremble,TE,Car,13,,,287,0,287,281,0,281,281,0,281,0.01,16,,0,0,0,0,0,0,0,0,3,11,1,1,35,20,180,1,10,21,0,1,0,0,0,0
J. Graham,TE,Chi,14,NA,,350,0,350,400,0,400,400,0,400,0,15,,0,0,0,0,0,0,0,0,0,0,0,0,23,14,167,3,10,0,0,1,0,0,0,0
T. Williams,RB,Ind,14,,,400,,400,400,,400,400,0,400,0,13,,0,0,0,0,0,0,0,0,35,185,1,8,12,9,84,0,4,0,0,0,1,0,0,0
H. Hurst,TE,Cin,10,,,198,,198,179,,179,176,0,176,0.12,13,,0,0,0,0,0,0,0,0,0,0,0,0,31,26,221,3,11,0,0,0,3,1,0,0
L. Humphrey,WR,NE,10,,,400,,400,400,,400,400,0,400,0,10,,0,0,0,0,0,0,0,0,0,0,0,0,18,13,249,2,9,0,0,0,0,0,0,0
K. Vaughn,RB,TB,11,,,400,,400,241,,241,250,0,250,0.01,12,,0,0,0,0,0,0,0,0,36,180,2,9,8,4,26,0,1,15,0,0,0,0,0,0
N. Foles,QB,Ind,14,,,400,,400,400,,400,400,0,400,0,1,,24,11,250,1,0,0,4,14,4,8,0,1,0,0,0,0,0,0,0,1,1,0,0,0
B. Zylstra,WR,Car,13,,,400,,400,400,,400,400,0,400,0,13,,0,1,0,0,0,0,0,0,0,0,0,0,25,18,250,1,10,0,0,0,0,0,0,0
J. Deguara,TE,GB,14,,,400,,400,326,,326,332,0,332,0,16,,0,0,0,0,0,0,0,0,0,0,0,0,33,25,245,2,9,0,0,0,0,0,0,0
K. Nwangwu,RB,Min,7,,,400,,400,315,,315,327,0,327,0.01,11,,0,0,0,0,0,0,0,0,13,61,0,3,5,4,9,0,0,579,2,0,0,0,0,0
B. Jordan,TE,Hou,6,,,248,,248,193,,193,193,0,193,0.03,9,,0,0,0,0,0,0,0,0,0,0,0,0,28,20,178,3,10,0,0,0,0,0,0,0
K. Rudolph,TE,TB,11,,,400,,400,250,,250,251,0,251,0.02,16,,0,0,0,0,0,0,0,0,0,0,0,0,39,26,257,1,12,0,0,1,0,0,0,0
M. Pruitt,TE,Atl,14,,,400,,400,400,,400,400,0,400,0,16,,0,0,0,0,0,0,0,0,0,0,0,0,18,14,145,3,10,0,0,1,0,0,0,0
A. Williams,RB,Atl,14,,,400,,400,400,,400,400,0,400,0,15,,0,0,0,0,0,0,0,0,0,0,0,0,0,0,0,0,0,643,0,0,0,0,0,0
S. Ahmed,RB,Mia,11,,,400,,400,280,,280,284,0,284,0,12,,0,0,0,0,0,0,0,0,54,149,0,8,19,12,117,0,4,0,0,0,0,0,0,0
M. Rudolph,QB,Pit,9,,,400,,400,400,,400,400,0,400,0,2,,35,23,277,1,1,0,0,16,5,53,0,3,0,0,0,0,0,0,0,0,0,0,0,0
L. Thomas,TE,Was,14,Q,,283,,283,170,,170,175,0,175,0.1,6,,0,0,0,0,0,0,0,0,0,0,0,0,25,18,196,3,10,0,0,0,1,1,0,0
C. Moore,WR,Hou,6,,,400,,400,400,,400,400,0,400,0,12,,0,0,0,0,0,0,0,0,0,0,0,0,22,21,227,2,6,0,0,0,0,0,0,0
R. Freeman,RB,Hou,6,,,400,,400,399,,399,395,0,395,0,15,,0,0,0,0,0,0,0,0,56,169,0,8,16,10,77,0,4,0,0,0,0,0,0,0
C. Grayson Jr.,WR,TB,11,IR,,400,,400,400,,400,400,0,400,0,5,,0,0,0,0,0,0,0,0,1,14,0,1,12,10,212,2,8,7,0,0,0,0,0,0
Q. Cephus,WR,Det,6,,,295,,295,272,,272,268,0,268,0,5,,0,0,0,0,0,0,0,0,0,0,0,0,22,15,204,2,9,0,0,1,0,0,0,0
J. Bates,TE,Was,14,Q,,400,,400,309,,309,316,0,316,0,17,,0,0,0,0,0,0,0,0,0,0,0,0,25,20,249,1,11,0,0,0,1,0,0,0
R. Tonyan,TE,GB,14,Q,,162,,162,145,,145,154,0,154,0.26,8,,0,0,0,0,0,0,0,0,0,0,0,0,29,18,204,2,10,0,0,0,0,0,0,0
T. Austin,WR,Buf,7,NA,,400,,400,400,,400,400,0,400,0,13,,0,0,0,0,0,0,0,0,3,21,0,1,37,24,213,1,11,3,0,0,0,1,0,0
M. Turner,WR,SF,9,,,400,,400,400,,400,400,0,400,0,14,,0,0,0,0,0,0,0,0,0,0,0,0,16,12,149,3,8,0,0,0,0,0,0,0
T. Sermon,RB,SF,9,,,215,,215,214,,214,218,0,218,0.04,9,,0,0,0,0,0,0,0,0,41,167,1,9,4,3,26,0,1,0,0,0,0,0,0,0
E. Benjamin,RB,Ari,13,,,187,,187,229,,229,233,0,233,0.04,9,,0,0,0,0,0,0,0,0,34,118,1,4,7,6,42,0,4,162,0,0,0,0,0,0
G. Olszewski,WR,Pit,9,,,400,,400,400,,400,400,0,400,0,16,,0,0,0,0,0,0,0,0,1,9,0,0,3,2,31,0,2,725,0,0,0,0,0,0
W. Dissly,TE,Sea,11,,,400,,400,354,,354,357,0,357,0,15,,0,0,0,0,0,0,0,0,0,0,0,0,26,21,231,1,11,0,0,0,1,0,0,0
T. Sharpe,WR,Chi,14,Q,,400,,400,400,,400,400,0,400,0,15,,0,0,0,0,0,0,0,0,0,0,0,0,37,25,230,0,14,0,0,0,0,0,0,0
A. Wilson,WR,Min,7,NA,,400,,400,400,,400,400,0,400,0,14,,0,1,0,0,0,0,1,0,4,17,0,1,39,25,213,0,10,2,0,0,0,0,0,0
J. O'Shaughnessy,TE,Chi,14,,,342,,342,400,,400,400,0,400,0,7,,0,0,0,0,0,0,0,0,0,0,0,0,34,24,244,0,10,0,0,1,0,0,0,0
S. Anderson,TE,Ari,13,,,400,,400,400,,400,400,0,400,0,17,,0,0,0,0,0,0,0,0,0,0,0,0,19,16,165,1,9,0,0,0,0,0,0,0
I. Ford,WR,Ind,14,NA,,400,,400,400,,400,400,0,400,0,13,,0,0,0,0,0,0,0,0,0,0,0,0,17,12,161,2,7,0,0,0,0,0,0,0
K. Hinton,WR,Den,9,,,400,,400,400,,400,400,0,400,0,16,,1,0,1,0,0,0,0,0,0,0,0,0,23,15,175,1,10,24,0,0,0,0,0,0
T. Kroft,TE,SF,9,,,400,,400,400,,400,400,0,400,0,9,,0,0,0,0,0,0,0,0,0,0,0,0,25,16,173,1,9,0,0,0,0,0,0,0
J. McKinnon,RB,KC,8,,,281,,281,400,,400,400,0,400,0.03,13,,0,0,0,0,0,0,0,0,12,62,0,2,20,13,107,1,6,0,0,0,0,0,0,0
B. Allen,QB,Cin,10,,,400,,400,400,,400,400,0,400,0,6,,17,17,149,2,0,0,4,5,7,-1,0,1,0,0,0,0,0,0,0,0,1,0,0,0
M. Williams,TE,Ari,13,Q,,327,,327,400,,400,400,0,400,0,5,,0,0,0,0,0,0,0,0,0,0,0,0,17,16,193,1,9,0,0,0,0,0,0,0
D. Chark Jr.,WR,Det,6,,,161,,161,400,,400,400,0,400,0.27,4,,0,0,0,0,0,0,0,0,0,0,0,0,22,7,154,2,7,0,0,0,0,0,0,0
I. Book,QB,NO,14,,,400,,400,400,,400,400,0,400,0,1,,12,8,135,0,2,1,8,5,3,6,0,1,0,0,0,0,0,0,0,0,0,0,0,0
T. Montgomery,WR,NE,10,Q,,400,,400,400,,400,400,0,400,0,14,,0,0,0,0,0,0,0,0,15,44,0,2,26,16,95,0,5,59,0,0,0,0,0,0
S. Mannion,QB,Min,7,,,400,,400,400,,400,400,0,400,0,1,,22,14,189,1,0,0,2,8,2,14,0,2,0,0,0,0,0,0,0,0,0,0,0,0
G. Ward,WR,Phi,7,Q,,400,,400,400,,400,400,0,400,0,17,,1,1,2,0,0,0,0,0,0,0,0,0,11,7,95,3,4,15,0,0,0,0,0,0
B. Wright,TE,Det,6,,,400,,400,400,,400,400,0,400,0,10,,0,0,0,0,0,0,0,0,0,0,0,0,17,12,117,2,6,0,0,0,0,0,0,0
M. Johnson,WR,SF,9,,,400,,400,400,,400,400,0,400,0,7,,0,0,0,0,0,0,0,0,2,-2,0,1,19,9,160,0,7,179,0,0,0,0,0,0
T. Jones Jr.,RB,NO,14,,,400,,400,400,,400,400,0,400,0,11,,0,0,0,0,0,0,0,0,54,142,0,7,8,5,29,0,2,5,0,0,0,0,0,0
M. Sanu Sr.,WR,Mia,11,,,400,,400,400,,400,400,0,400,0,8,,0,0,0,0,0,0,0,0,0,0,0,0,24,15,177,0,12,24,0,0,0,0,0,0
J. Proche II,WR,Bal,10,Q,,400,,400,400,,400,400,0,400,0.01,14,,0,0,0,0,0,0,0,0,0,0,0,0,20,16,202,0,10,22,0,0,0,0,0,0
I. Smith-Marsette,WR,Min,7,,,400,,400,400,,400,400,0,400,0,8,,0,0,0,0,0,0,0,0,0,0,0,0,6,5,116,2,4,83,0,0,0,0,0,0
M. Lewis,TE,GB,14,,,400,,400,400,,400,400,0,400,0,17,,0,0,0,0,0,0,0,0,0,0,0,0,28,23,214,0,10,0,0,0,1,0,0,0
B. Skowronek,WR,LAR,7,,,400,,400,400,,400,400,0,400,0,14,,0,0,0,0,0,0,0,0,0,0,0,0,20,11,133,0,7,70,0,0,0,0,0,0
K. Hodge,WR,Atl,14,,,400,,400,400,,400,400,0,400,0,16,,0,0,0,0,0,0,0,0,0,0,0,0,27,13,157,0,7,0,0,1,0,0,0,0
T. Sherfield,WR,Mia,11,,,400,,400,400,,400,400,0,400,0,17,,0,0,0,0,0,0,0,0,0,0,0,0,20,9,87,1,7,0,0,0,0,0,0,0
O. Howard,TE,Buf,7,,,400,,400,400,,400,400,0,400,0.01,17,,0,0,0,0,0,0,0,0,0,0,0,0,21,14,135,1,10,0,0,0,0,0,0,0
J. White,RB,NE,10,NA,,400,,400,400,,400,400,0,400,0.01,3,,0,0,0,0,0,0,0,0,10,38,1,4,14,12,94,0,5,0,0,0,0,0,0,0
P. Campbell,WR,Ind,14,,,205,,205,400,,400,400,0,400,0.04,6,,0,0,0,0,0,0,0,0,0,0,0,0,20,10,162,1,7,0,0,0,0,0,0,0
J. Jefferson,RB,Det,6,,,400,,400,400,,400,400,0,400,0,7,,0,0,0,0,0,0,0,0,15,74,2,4,5,4,23,0,2,0,0,0,0,0,0,0
J. Williams,RB,Was,14,,,400,,400,400,,400,400,0,400,0,5,,0,0,0,0,0,0,0,0,17,79,1,7,6,4,28,0,2,0,0,0,0,0,0,0
L. Rountree III,RB,LAC,8,,,400,,400,400,,400,400,0,400,0,12,,0,0,0,0,0,0,0,0,36,87,1,5,2,1,-1,0,0,117,0,0,0,0,0,0
M. Brown,RB,NO,14,NA,,400,,400,400,,400,400,0,400,0,7,,0,0,0,0,0,0,0,0,33,125,1,6,5,3,10,0,0,0,0,0,0,0,0,0
J. Akins,TE,NYG,9,NA,,400,,400,400,,400,400,0,400,0,13,,0,0,0,0,0,0,0,0,1,3,0,1,33,24,214,0,11,0,0,0,2,2,0,0
Z. Gentry,TE,Pit,9,,,400,,400,400,,400,400,0,400,0,17,,0,0,0,0,0,0,0,0,0,0,0,0,25,19,167,0,11,0,0,0,0,0,0,0
Q. Ollison,RB,Atl,14,,,400,,400,400,,400,400,0,400,0,8,,0,0,0,0,0,0,0,0,21,105,1,7,6,4,12,0,1,0,0,0,1,1,0,0
E. Ebron,TE,Pit,9,NA,,400,,400,400,,400,400,0,400,0,8,,0,0,0,0,0,0,0,0,1,1,1,1,18,12,84,1,6,0,0,0,0,0,0,0
J. Darden,WR,TB,11,,,400,,400,400,,400,400,0,400,0,9,,0,0,0,0,0,0,0,0,1,11,0,1,12,6,43,0,1,501,0,0,0,0,0,0
B. Perriman,WR,TB,11,Q,,400,,400,400,,400,400,0,400,0,6,,0,0,0,0,0,0,0,0,1,-3,0,0,18,11,167,1,5,0,0,0,0,0,0,0
J. Smith-Schuster,WR,KC,8,Q,,62,,62,400,,400,400,0,400,0.95,5,,0,0,0,0,0,0,0,0,3,9,1,1,28,15,129,0,6,0,0,0,0,0,0,0
D. Eskridge,WR,Sea,11,,,400,,400,400,,400,400,0,400,0,10,,0,0,0,0,0,0,0,0,4,59,0,2,20,10,64,1,4,54,0,0,0,0,0,0
M. Burton,RB,KC,8,,,400,,400,400,,400,400,0,400,0,16,,0,0,0,0,0,0,0,0,8,26,1,8,3,3,31,0,2,21,0,0,0,0,0,0
A. Rodgers,WR,GB,14,,,400,,400,400,,400,400,0,400,0.01,16,,0,0,0,0,0,0,0,0,1,11,0,1,8,4,45,0,2,365,0,0,0,0,0,0
N. Vannett,TE,NO,14,,,400,,400,400,,400,400,0,400,0,7,,0,0,0,0,0,0,0,0,0,0,0,0,15,9,133,1,7,0,0,0,0,0,0,0
C. Ham,RB,Min,7,,,400,,400,400,,400,400,0,400,0,17,,0,0,0,0,0,0,0,0,7,34,0,3,18,17,125,0,6,0,0,0,0,0,0,0
I. Thomas,TE,Car,13,,,400,,400,400,,400,400,0,400,0,17,,0,0,0,0,0,0,0,0,0,0,0,0,30,18,188,0,6,0,0,0,0,0,0,0
A. Walter,RB,LV,6,,,400,,400,400,,400,400,0,400,0,4,,0,0,0,0,0,0,0,0,26,101,1,5,3,2,9,0,1,0,0,0,0,0,0,0
N. Brown,WR,Dal,9,Q,,400,,400,400,,400,400,0,400,0,13,,0,0,0,0,0,0,0,0,0,0,0,0,25,16,184,0,6,0,0,0,0,0,0,0
E. St. Brown,WR,Chi,14,,,400,,400,400,,400,400,0,400,0,13,,0,0,0,0,0,0,0,0,3,14,0,2,17,9,98,0,6,17,0,0,0,0,0,0
P. Taylor,RB,GB,14,,,400,,400,400,,400,400,0,400,0,9,,0,0,0,0,0,0,0,0,23,89,1,5,2,2,3,0,1,0,0,0,0,0,0,0
K. Smith,RB,Atl,14,,,400,,400,400,,400,400,0,400,0,17,,0,0,0,0,0,0,0,0,9,31,0,3,10,9,56,0,3,26,0,0,0,0,0,0
G. Gilbert,QB,LV,6,NA,,400,,400,400,,400,400,0,400,0,1,,20,11,194,0,0,0,2,8,0,0,0,0,0,0,0,0,0,0,0,0,1,0,0,0
D. Brown,WR,Was,14,,,304,,304,400,,400,400,0,400,0,15,,0,0,0,0,0,0,0,0,1,-4,0,0,25,12,165,0,6,0,0,0,0,0,0,0
